<?xml version="1.0" encoding="UTF-8"?>
<component name="MainScene" extends="Scene">
    <script type="text/brightscript" uri="MainScene.brs" />
    <script type="text/brightscript" uri="UILogic/ScreenStackLogic.brs" />
    <script type="text/brightscript" uri="UILogic/ContentTaskLogic.brs" />
    <script type="text/brightscript" uri="UILogic/GridScreenLogic.brs" />
    <script type="text/brightscript" uri="UILogic/VideoPlayerLogic.brs" />
    <script type="text/brightscript" uri="UILogic/DetailsScreenLogic.brs" />
    <children>
        <Overhang
            id="overhang"
            showOptions="false"
            showClock="false"
            logoUri="file:///pkg:/images/Peacock2020_mgalt.png"
        />
        <Label
            id="loadingIndicator"
            text="Loading..."
            width="1280"
            height="720"
            horizAlign="center"
            vertAlign="center"
            visible="false"
            font="font:MediumBoldSystemFont"
        />
    </children>
</component>