<?xml version="1.0" encoding="UTF-8"?>
<component name="GridScreen" extends="Group" initialFocus="RowList">
    <script type="text/brightscript" uri="GridScreen.brs"/>
    <interface>
        <!-- Specifies the content for the Grid -->
        <field id="content" type="node" alias="RowList.content" />
        <field id="rowItemSelected" type="intarray" alwaysNotify="true" alias="RowList.rowItemSelected" />
        <field id="jumpToRowItem" type="intarray" alias="RowList.jumpToRowItem" />
    </interface>
    <children>
        <!-- <ButtonGroup
            buttons="[Browse, Movies, TV Shows, Sports, WWE]"
            focusButton="0"
            textColor="0x808080"
        /> -->
        <RowList
            itemComponentName="RowListItemComponent"
            id="rowList"
            numRows="3"
            rowitemSize="[[320, 180]]"
            rowItemSpacing="[[20, 0]]"
            itemSize="[1100, 270]"
            focusXOffset="[50]"
            rowfocusAnimationStyle="floatingFocus"
            vertFocusAnimationStyle="floatingFocus"
        />
    </children>
</component>